id,first_name,last_name,email,phone,password
1,Jerrold,Greetland,jgreetland0@dagondesign.com,3556360779,EcPrOnG7Z9
2,Celinka,Penley,cpenley1@virginia.edu,9447568442,uEqHNvxVk
3,Sophronia,Speerman,sspeerman2@forbes.com,5058785272,ArtSvn9
4,Jenifer,Ovid,jovid3@canalblog.com,6851512258,617JDc
5,Winna,Sheivels,wsheivels4@moonfruit.com,6821363287,bGcPyr0l
6,Dorisa,McNiff,dmcniff5@sina.com.cn,6827249237,fETPkThBqsNY
7,La verne,Simmill,lsimmill6@ca.gov,3682009024,pERL76
8,Emmet,Griffe,egriffe7@shinystat.com,8129853536,y4SvjS
9,Emogene,Petricek,epetricek8@deviantart.com,6198803131,gmhPwqprG53
10,Rosabelle,Clewlowe,rclewlowe9@upenn.edu,3055658107,w7bBReD
11,Abigael,Tremmil,atremmila@yale.edu,5224688686,k9NXCwW
12,Karlee,Bazely,kbazelyb@theglobeandmail.com,8704854527,vpDIKaF9HayS
13,June,Issit,jissitc@dion.ne.jp,1504090994,GYe2jd0nAyc
14,Saleem,Lomasney,slomasneyd@ezinearticles.com,8281771641,fLgsZF
15,Aryn,Jankovic,ajankovice@cbsnews.com,9273124890,yeArlPOFOmLI
16,Luella,Tapping,ltappingf@digg.com,3579140750,VALA5a
17,Roxy,Baldick,rbaldickg@biglobe.ne.jp,5589716655,mm5Ky5Jyn
18,Winslow,Radden,wraddenh@plala.or.jp,6731907868,NYSiNNfP1AOL
19,Moshe,Pilger,mpilgeri@msn.com,8679304482,SrzfiwU3y
20,Krysta,Bonwick,kbonwickj@telegraph.co.uk,4281297902,Rj1FYw2
21,Rose,Pettengell,rpettengellk@yellowpages.com,3016245184,z8KFPFMG9
22,Marta,Cayzer,mcayzerl@amazonaws.com,6831627866,cCvHuM67BSQ
23,Gustavus,Minmagh,gminmaghm@lycos.com,7864984297,ZcwYNFSfo12w
24,Piotr,Churn,pchurnn@w3.org,8076799801,4wysYLRDnGXA
25,Rodrique,Bettesworth,rbetteswortho@dell.com,1477386071,AZ4hLmt7
26,Jennica,Dudgeon,jdudgeonp@bluehost.com,3103375936,9n1QabD
27,Aharon,Andresen,aandresenq@slate.com,5146634513,tPsrLFAS
28,Prissie,Stannus,pstannusr@friendfeed.com,6602876277,ggTa9031t6Jd
29,Rosabel,Makey,rmakeys@squidoo.com,6331397334,TnjPN5mncPBH
30,Meade,Lightman,mlightmant@sciencedaily.com,7519306111,FsiPSXjuH
31,Erl,Allicock,eallicocku@1und1.de,1423902966,5ifx41kA5C
32,Clio,Aldam,caldamv@bandcamp.com,5129709483,SEmhOz
33,Ermentrude,Filipchikov,efilipchikovw@businessinsider.com,9348616781,DJh1vvpib
34,Devora,Garz,dgarzx@cbc.ca,9618562270,em27Y1XJ2
35,Renell,Cud,rcudy@ustream.tv,7307987294,sNMCekGqexA
36,Benjamen,Choulerton,bchoulertonz@washingtonpost.com,7493817577,wE3l0OGfOC
37,Avictor,Woodcock,awoodcock10@time.com,5216495238,TUzm9Jf
38,Rockey,Faussett,rfaussett11@fastcompany.com,6198208299,C48ZZW7ca
39,Andonis,Perassi,aperassi12@histats.com,1395091376,X3MbEEzu
40,Melvyn,Snelgar,msnelgar13@bizjournals.com,5279755606,0iNDj6da2
41,Allard,Tootin,atootin14@forbes.com,5802351229,s4D8pGyk
42,Petronia,Whitney,pwhitney15@ow.ly,5514517344,fwvAjge
43,Ginni,Younghusband,gyounghusband16@state.tx.us,9617104912,YKjjB11b
44,Abigael,Giroldi,agiroldi17@timesonline.co.uk,8049006631,towC0U
45,Hermina,Brownlee,hbrownlee18@irs.gov,3777947040,93pfYiuY
46,Whit,Durston,wdurston19@amazon.co.uk,9192405613,i824ZLbpL
47,Hollyanne,Seakings,hseakings1a@walmart.com,7996858219,aKzRHoZOb6uA
48,Marci,Muddimer,mmuddimer1b@smugmug.com,6552271113,JAX2caxAA9O
49,Ermanno,Laurie,elaurie1c@shinystat.com,4032485057,hhfXQV
50,Samaria,Bercher,sbercher1d@sbwire.com,9629635315,W2pWkEFEQhf
51,Jewelle,Mannering,jmannering1e@amazonaws.com,6577776852,7zXzDkr
52,Talia,Gossling,tgossling1f@hc360.com,9095295875,i873lFH
53,Gaspard,McConway,gmcconway1g@csmonitor.com,1675819119,KUcraFtSlI
54,Peggi,Eaves,peaves1h@nifty.com,5042051746,fKPteKUsx4Q
55,Jessamine,Kinningley,jkinningley1i@mtv.com,7365518430,yITj1ti7jo
56,Gladys,Dandie,gdandie1j@slashdot.org,8466985277,uxNsbjlHJ
57,Mellicent,Pretti,mpretti1k@foxnews.com,5613976908,liIhP7t
58,Gratia,Pawsey,gpawsey1l@nba.com,6266810198,IbWcEHbnYR
59,Jaime,Jamme,jjamme1m@people.com.cn,1515289801,MzAQU70sFele
60,Deerdre,Nussen,dnussen1n@seattletimes.com,6153727486,LIu0AGy0AdR3
61,Latrina,Licciardiello,llicciardiello1o@ft.com,8628061980,weGR5rT
62,Ekaterina,Greensides,egreensides1p@newsvine.com,6495935359,uKq3pF
63,Rubetta,Ballinghall,rballinghall1q@ehow.com,4174629524,hkJiYBZZ5Wsk
64,Lea,Shillitto,lshillitto1r@sun.com,4621196721,j3NlTO
65,Lydon,Shears,lshears1s@flavors.me,6149675797,iZZB8d4njt03
66,Kip,Beasley,kbeasley1t@hexun.com,3263976183,cTGLSUQBxJ1q
67,Leanor,Genicke,lgenicke1u@cocolog-nifty.com,7985634813,PejqL5h
68,Worth,Playden,wplayden1v@cloudflare.com,8854002914,4xAkjOcgDz
69,Avie,Sparke,asparke1w@gnu.org,7365944029,yWhSakf
70,Neron,Ibbitson,nibbitson1x@msn.com,7136520375,wEbeaz80JBS3
71,Eada,Arlet,earlet1y@apple.com,7628173321,eEtYWgjB
72,Regen,Dalgarnowch,rdalgarnowch1z@baidu.com,5588997595,DAyy6VMY
73,Tallulah,Westbrook,twestbrook20@economist.com,1527925676,LH8Fj82
74,Barrie,Dolley,bdolley21@sohu.com,7947148135,CstCbfP
75,Gav,Jellings,gjellings22@printfriendly.com,3543747845,kgSdch
76,Brant,Courtonne,bcourtonne23@state.gov,1065428392,7eQg7lGfm2
77,Donavon,Bigley,dbigley24@apache.org,6677094203,Oltjg9dyD
78,Glyn,Toothill,gtoothill25@admin.ch,6512857175,xQ6jlCTMPX
79,Marie-jeanne,Impson,mimpson26@amazon.com,8134874944,HIpdXq0Se
80,Kincaid,Gribble,kgribble27@wikimedia.org,3502663912,2pmDRBT
81,Kale,Dumbare,kdumbare28@delicious.com,1206734081,Zf30XhaA
82,Gennie,Volkes,gvolkes29@ucoz.com,2022603441,gNt2BgDT
83,Chryste,Isham,cisham2a@unblog.fr,5386480724,6SBCdR7AoI
84,Bel,Chong,bchong2b@cargocollective.com,7863222969,M6WppnkIilH
85,Bidget,Tatchell,btatchell2c@exblog.jp,9856236442,YD0KNus4w2g
86,Kimbra,Midgely,kmidgely2d@free.fr,8979944259,rb4Gdws5fEAA
87,Budd,Klaffs,bklaffs2e@networksolutions.com,8826792272,DIS5n5zV1o
88,Webb,Crocombe,wcrocombe2f@pbs.org,7754623004,l5Cor3OUdQL
89,Engracia,Allderidge,eallderidge2g@cornell.edu,4791427709,b1kOxyQW04G
90,Nappie,Gutridge,ngutridge2h@unc.edu,7923496810,F9ikNQX
91,Kaylee,Tollit,ktollit2i@netvibes.com,8434198430,YUtNQAj
92,Phylis,Lile,plile2j@dedecms.com,2595929946,CqCbEI16upg
93,Koren,Wanell,kwanell2k@wufoo.com,2791672808,6QhTYPD
94,Myrah,Bastable,mbastable2l@t-online.de,8693662377,lQt4LrmUzkY
95,Shaylyn,Duplan,sduplan2m@cdc.gov,7061095775,qWMWf9o
96,Andres,Keatley,akeatley2n@washington.edu,7229453403,La2xg0kwYb
97,Barbara-anne,Symondson,bsymondson2o@barnesandnoble.com,4324671322,YuJuEAC0K
98,Farah,Wake,fwake2p@ustream.tv,5561483343,B0pgNqv3k5Fl
99,Andeee,Mattes,amattes2q@technorati.com,4659522445,yUMxoS
100,Marius,Boc,mboc2r@so-net.ne.jp,4998167332,2mWfPo
101,Noella,Hechlin,nhechlin2s@addthis.com,4243894366,L1lr9H4TixX
102,Dee,Pell,dpell2t@goodreads.com,6507575445,FnBcxRzg
103,Arlana,Tapton,atapton2u@wordpress.com,1989008921,vIzp1zG57E
104,Sean,Gerdts,sgerdts2v@admin.ch,3343778755,sLH4OMvHbTQ
105,Mellisa,Deniset,mdeniset2w@ocn.ne.jp,4809393627,Za3WVbVYB
106,Evelyn,Jankin,ejankin2x@imdb.com,1033552808,2iHC4R
107,Kettie,Lenthall,klenthall2y@fc2.com,4077655389,4hy239lEh
108,Noam,De la Yglesia,ndelayglesia2z@nationalgeographic.com,9962991511,Zus7bns
109,Constancy,Byer,cbyer30@msu.edu,5136895171,YNKPNIc6Fq
110,Harriett,Coggan,hcoggan31@over-blog.com,1782604936,usFte8X2WRa
111,Gisela,Haggish,ghaggish32@hhs.gov,1687050896,h2iMrnE
112,Fielding,Neylon,fneylon33@home.pl,6247248027,vACQTK7gn5x
113,Alayne,Penreth,apenreth34@instagram.com,5019970958,FgHpOw
114,Lacey,Signorelli,lsignorelli35@chicagotribune.com,6609393393,e0SWDeTH
115,Lawry,Cattermoul,lcattermoul36@hexun.com,5938813634,NqqcbT9ptPM
116,Cullan,Stanmer,cstanmer37@goo.ne.jp,1366660701,ZBQvyq2lqN
117,Lyman,Gutridge,lgutridge38@scribd.com,5185539964,0M6eSBaJts
118,James,Loomis,jloomis39@ted.com,3847162083,pqUMK5cgOl
119,Adriana,Daborn,adaborn3a@japanpost.jp,1581464113,sW5jFh0noj0
120,Kata,Shickle,kshickle3b@github.io,8641618751,Bddvmz
121,Wadsworth,Chazerand,wchazerand3c@t.co,2042854149,RkI6s9Y1u
122,Hogan,Delany,hdelany3d@163.com,8678460929,Ei1TywjQ9
123,Jory,Trenear,jtrenear3e@examiner.com,6913794523,TvT5Jdvz3t93
124,Ingmar,Redpath,iredpath3f@histats.com,1584639412,tdZJUXK
125,Suzy,Whanstall,swhanstall3g@bravesites.com,4512277661,gPN9Fv
126,Eolande,Houchen,ehouchen3h@unblog.fr,9102246650,LKbiMkVl
127,Lon,Teml,lteml3i@aboutads.info,2389079935,otDtKci
128,Rip,Carette,rcarette3j@vistaprint.com,3204274723,rJWT6SXLTnr
129,Cyrus,Patrie,cpatrie3k@dmoz.org,2834501122,npSpWPsB
130,Evelina,Glen,eglen3l@ameblo.jp,9495086944,oQAHxhUnFJm
131,Eryn,Wharton,ewharton3m@marketwatch.com,1137904357,kbA3LzrQEz9
132,Heather,Prazor,hprazor3n@theatlantic.com,4868950430,C5z4d2xzk
133,Britni,Tollemache,btollemache3o@e-recht24.de,3353346013,wKC7JvLHJkLU
134,Rab,Firminger,rfirminger3p@technorati.com,1661383823,N4yDZWFwIiO
135,Renado,Hutley,rhutley3q@virginia.edu,2239450391,crDUCgk3WDA
136,Jerry,Hacquel,jhacquel3r@fastcompany.com,9412514504,H1NEhGZ
137,Brien,Cansdell,bcansdell3s@feedburner.com,7439979257,pcxjJuDUGAh
138,Lutero,Vasiliu,lvasiliu3t@seesaa.net,5247679236,SsImsy9
139,Nico,Brabin,nbrabin3u@youtu.be,7852681172,JIr6Ukx8
140,Kitti,Cromer,kcromer3v@soup.io,9733725613,3t4eiM
141,Mel,Heisman,mheisman3w@histats.com,6118710958,Y8oyvo
142,Vanna,Crichmer,vcrichmer3x@unc.edu,7736973605,TViLT2HU
143,Niel,Lanfranconi,nlanfranconi3y@hp.com,1714809126,YvX3cV
144,Tedman,MacGiolla Pheadair,tmacgiollapheadair3z@hao123.com,8725377646,mbX9iQ3xnS
145,Maryrose,Goodsell,mgoodsell40@blogger.com,3904714409,smk7eS
146,Elisha,Wince,ewince41@addtoany.com,5672329637,lGSrms
147,Friedrich,Brushfield,fbrushfield42@go.com,3843342496,W9FFGNiqxQG
148,Montgomery,Ellesworth,mellesworth43@alibaba.com,3493000707,WkOvlm9fjkWg
149,Land,Balcock,lbalcock44@hatena.ne.jp,9105918280,5hhAac1LKHz6
150,Tedda,Riach,triach45@mozilla.org,8597863229,9MJZhn
151,Ingrid,Keme,ikeme46@usnews.com,1228909940,QrAgxwJ
152,Westleigh,Foldes,wfoldes47@state.gov,6061033805,klfuVF7
153,Linn,Slateford,lslateford48@nifty.com,8314387832,XZ2kJgK3B
154,Ali,Charity,acharity49@sfgate.com,8606672353,ajWlQfrqz
155,Caesar,Nussen,cnussen4a@go.com,3649599661,WfsS1AKWK
156,Kassandra,Mandres,kmandres4b@wp.com,7231025330,0nFCXVWJV
157,Zsazsa,Gotthard,zgotthard4c@nationalgeographic.com,9621672362,jfyAlICDpkJC
158,Celka,Cartwight,ccartwight4d@nifty.com,9371762480,Cu43PXbA
159,Stinky,Cockley,scockley4e@opensource.org,4846407909,H7tS8PgdyZ1s
160,Dorri,Tilliards,dtilliards4f@example.com,6383236746,lJt2ccLT
161,Kaylil,Desborough,kdesborough4g@arizona.edu,9515778493,AayjkRkf
162,Mallorie,Jukubczak,mjukubczak4h@freewebs.com,7156684174,wVS15l3VIr3f
163,Sherrie,Kadwallider,skadwallider4i@salon.com,3423037423,9V7OTniJfFl
164,Fran,Swatman,fswatman4j@163.com,7444815861,lkL2v2dXJAO
165,Ingemar,Stelli,istelli4k@yahoo.com,5364786608,kvoG9s
166,Lemar,Southcott,lsouthcott4l@google.ru,9138211628,45TlVP
167,Oliy,Geaves,ogeaves4m@spotify.com,3103743383,LC1Pav2
168,Selby,Christofor,schristofor4n@booking.com,7114272272,Cde5uAhktM
169,Liv,Jesson,ljesson4o@weebly.com,8259525679,7qr3VklAap
170,Lindsay,Ogelbe,logelbe4p@spiegel.de,2493237135,m7HdcV
171,Valencia,Seedull,vseedull4q@tumblr.com,6025530933,AGPZ1LWnV8
172,Kial,Goucher,kgoucher4r@usa.gov,3872613364,8lcGXlys
173,Carmina,Bernard,cbernard4s@uol.com.br,1822569303,EpB3bwBbl
174,Rona,Skoate,rskoate4t@4shared.com,3828885197,wfHo1rbZ
175,Joann,Mourton,jmourton4u@dedecms.com,4721765798,hbhtfMHY1V
176,Mari,Kimpton,mkimpton4v@ca.gov,5914873312,b4bSx8
177,Alexandrina,Huddlestone,ahuddlestone4w@nps.gov,3081354895,fEuDDxLRx
178,Brandise,Indgs,bindgs4x@mysql.com,5195785278,YytAx0e
179,Mady,McKinna,mmckinna4y@storify.com,3068351101,YPLlD1QOTwj0
180,Consalve,Piquard,cpiquard4z@shop-pro.jp,6823095399,b245msTcW9
181,Seymour,Gathercole,sgathercole50@mashable.com,8028246238,IfYvac3Qvh
182,Tadeas,Bielfeld,tbielfeld51@vinaora.com,9914678337,P0WZs7L7CHr7
183,Olivero,Burgen,oburgen52@canalblog.com,2484327650,DBGICA
184,Marty,Danet,mdanet53@alexa.com,2551634170,pVDH13wlbVM
185,Nelson,Coger,ncoger54@paginegialle.it,2774990259,MkqPRcJ
186,Mathias,Clerk,mclerk55@ibm.com,3255456066,bgPeJB9W
187,Arleyne,McCree,amccree56@cdbaby.com,6958528050,W7dgbtPPq
188,Court,Pauley,cpauley57@amazon.de,2112826125,L6RkWKQUQQ
189,Bernetta,Castree,bcastree58@pagesperso-orange.fr,9556030013,WMPQeVi36XOu
190,Joelle,Connew,jconnew59@wsj.com,9507338937,ZmL3uYAo2aZF
191,Symon,Birt,sbirt5a@cnn.com,6903594081,ABRk49Q
192,Obed,Giacomini,ogiacomini5b@umich.edu,9967609473,1movZXERx
193,Theda,Issacoff,tissacoff5c@creativecommons.org,5884228103,wIIFNOmXJv
194,Malia,Salman,msalman5d@google.pl,2569169764,FB9ceSwUOCV
195,Emile,Jeffry,ejeffry5e@digg.com,2091771269,OTteZLmxs
196,Catherine,Flowerdew,cflowerdew5f@psu.edu,8737025709,wvMV30e2
197,Shurlock,MacMeekan,smacmeekan5g@newyorker.com,3108155504,ZCXunCk1U
198,Ravi,O'Hallihane,rohallihane5h@ning.com,8709291088,cf0gxFapynt
199,Monte,Tilliards,mtilliards5i@printfriendly.com,1498944501,itoIJYeHG7O
200,Nikki,McConway,nmcconway5j@surveymonkey.com,4099167595,ZM1RZZ
201,Sallyanne,Waugh,swaugh5k@go.com,1551319248,onOonl9g0
202,Gerta,Ashwin,gashwin5l@oracle.com,6849865366,S60aI5gRAY
203,Matthew,Sly,msly5m@howstuffworks.com,6817671610,bYpIrneG5wmS
204,Gustaf,Landers,glanders5n@opensource.org,1054926589,zUm6OOt
205,Pris,Halsho,phalsho5o@friendfeed.com,9664512154,racD5JYXgjm
206,Melva,Kinleyside,mkinleyside5p@blog.com,8906977415,Ui8rXa4
207,Marshal,Harley,mharley5q@marketwatch.com,5392007410,enZazwGAiK4
208,Woodman,Goves,wgoves5r@blog.com,4412394313,AOcygz
209,Elena,Hoff,ehoff5s@whitehouse.gov,8926406512,KDfMdZh
210,Brear,Heineke,bheineke5t@stumbleupon.com,8479442899,OWdlSdX
211,Rodrigo,Pattillo,rpattillo5u@independent.co.uk,9035393864,HsL06zZrD0S
212,Shepherd,Bartlomieczak,sbartlomieczak5v@mail.ru,5079657551,RHpoMzT
213,Leigha,Tombs,ltombs5w@cnet.com,7157483605,lsVjO62VXc6
214,Sigfried,Battams,sbattams5x@imgur.com,8604583678,wfwlBz
215,Josephine,Clingan,jclingan5y@surveymonkey.com,6293206045,KvJgJKgS
216,Addy,McAmish,amcamish5z@bloglovin.com,6543351458,6wwhtcqIgY
217,Brett,Polleye,bpolleye60@friendfeed.com,4119323210,xQxdPrck0H
218,Curr,Lucey,clucey61@ihg.com,2484121261,QA9pMBQY
219,Jill,Adanet,jadanet62@issuu.com,2457391412,fDuQP9e
220,Jarrid,Stear,jstear63@diigo.com,6792673932,SdtnWUhBEj
221,Ruprecht,Beardsley,rbeardsley64@delicious.com,8764879721,XucIioTNn
222,Mickie,Coope,mcoope65@163.com,6298155290,d0vyNV
223,Fax,Catto,fcatto66@google.com.au,1495822791,6A11b5echa
224,Reeva,Jaffrey,rjaffrey67@imageshack.us,2609791611,URJPoyq
225,Adamo,Zecchinii,azecchinii68@google.es,6369131298,ksQezqNa
226,Carrol,Ronci,cronci69@thetimes.co.uk,8284194232,dk7O7KKhK2
227,Camilla,Fellgatt,cfellgatt6a@constantcontact.com,6768597624,nftV7Q753
228,Kariotta,Kitchingham,kkitchingham6b@youku.com,4353316401,5pz8zDsTwDDR
229,Nanete,Fenemore,nfenemore6c@ning.com,5871487315,1UA5fAyATlZX
230,Raven,Deniscke,rdeniscke6d@cnbc.com,4575882907,y7JhdYp
231,Layne,Eberst,leberst6e@netvibes.com,7233228601,kbecgx0l
232,Laetitia,Peete,lpeete6f@yellowbook.com,6806460169,BJSFTs5gKkDb
233,Nickolas,Gullifant,ngullifant6g@forbes.com,8783972252,H08yLlLOc1
234,Brinna,Miklem,bmiklem6h@yahoo.co.jp,3368127814,tKrlxZure
235,Massimo,Mudge,mmudge6i@netscape.com,3135831896,w89qgB77
236,Lyon,Passler,lpassler6j@adobe.com,8825914627,wkExUGiZX0g
237,Carine,Haworth,chaworth6k@time.com,2572574898,fW12rC3V
238,Raymund,Elvins,relvins6l@plala.or.jp,2591000223,jtj2LfQd
239,Rivi,Jandl,rjandl6m@miibeian.gov.cn,1487289772,Yacop3o3
240,Abelard,Gillatt,agillatt6n@tuttocitta.it,7748134964,RYUMuQq5IzN
241,Claiborn,McCreadie,cmccreadie6o@noaa.gov,8847601077,B1RNr451vK
242,Franklin,Finkle,ffinkle6p@soundcloud.com,8798914324,CwIIzaHwu7
243,Vernen,Langer,vlanger6q@cornell.edu,3529427287,CwZ9nkIvMkyq
244,Barnabe,Canavan,bcanavan6r@topsy.com,3167032292,jGN3LISRg
245,Felita,Attew,fattew6s@berkeley.edu,2815103594,6G1j6qGfNHK
246,Minnaminnie,Paradin,mparadin6t@gizmodo.com,6257679272,h5HVb7nJv2
247,Eadie,Galletley,egalletley6u@jiathis.com,4323450128,i2PavyDdnfF
248,Alistair,Rogliero,arogliero6v@tinyurl.com,5824918738,xj8VcMVZ6M
249,Dorice,Palmer,dpalmer6w@typepad.com,3559834777,lcPwe02SWXZ
250,Kinsley,Haquin,khaquin6x@360.cn,3454652728,W6iQJFw9YFF7
251,Wylma,Bernakiewicz,wbernakiewicz6y@e-recht24.de,5441437996,tmBNY8Fi9x
252,Gwenny,Sindle,gsindle6z@jigsy.com,4696754148,OSBR45mblp
253,Yale,Paydon,ypaydon70@nhs.uk,1327509388,x4tvo3
254,Nadine,Francom,nfrancom71@a8.net,4204865286,SsPSqX
255,Cynthy,Tizzard,ctizzard72@digg.com,7763073175,S3y1w3XFtY1
256,Janet,Garden,jgarden73@alibaba.com,5958437215,47UdMRPPN
257,Pavia,Mathevet,pmathevet74@drupal.org,3836161622,heHzsup
258,Padget,Bradd,pbradd75@tumblr.com,5771223832,o81fwTd
259,Maddie,Piser,mpiser76@123-reg.co.uk,7414576599,OWfndP
260,Almeta,Belham,abelham77@washingtonpost.com,6265111230,uVUampkaVOr
261,Jdavie,Devas,jdevas78@csmonitor.com,5308202070,5MtUNod03r
262,Sheryl,McCrie,smccrie79@gizmodo.com,8664757814,ArxN2g4rY341
263,Lotti,Hazell,lhazell7a@unc.edu,2554670690,1SI0CyR
264,Galvin,Chapier,gchapier7b@mediafire.com,6116724294,4rJ80jQ76glj
265,Carolina,Passingham,cpassingham7c@feedburner.com,3726309804,pDeTZzxYWWV
266,Boote,Ciardo,bciardo7d@unesco.org,9695396311,YbE2Rg
267,Gustie,Mohring,gmohring7e@meetup.com,3626158893,Q0QC8mEo
268,Jessica,Hradsky,jhradsky7f@cloudflare.com,7932241607,gAu0Tv6HPk
269,Farah,Dupree,fdupree7g@istockphoto.com,6849313178,vZdcUXvWkJW
270,Jeremiah,Woodberry,jwoodberry7h@icq.com,5696790666,KK8maVHN0S
271,Eldridge,Ditchfield,editchfield7i@google.it,1322060947,IULym0
272,Bram,Gascone,bgascone7j@baidu.com,6973075744,2NV3CqK
273,Arch,Lenox,alenox7k@go.com,3422430168,ULKR6PMC7iN
274,Rhett,Dewhirst,rdewhirst7l@springer.com,8381624863,9aK3b2eYgGss
275,Cleon,Parcell,cparcell7m@earthlink.net,7916809477,7IRpJTzq68k
276,Cammy,Henze,chenze7n@epa.gov,9252958502,3eVNjpt
277,Hamid,Draude,hdraude7o@oakley.com,9794935933,DUOkotGW
278,Pammy,Garley,pgarley7p@hhs.gov,9895170026,GBTbXzfYgp
279,Evangelin,Kondrachenko,ekondrachenko7q@angelfire.com,1485761658,DkRP7F
280,Corby,Conaghy,cconaghy7r@netvibes.com,5294930931,P1sYCEdx0V
281,Nikolos,Drever,ndrever7s@ebay.co.uk,9539384088,ZFrhhXcSCBd
282,Shawn,Hardie,shardie7t@github.io,5463161830,4yleArQVWpE
283,Adam,Shegog,ashegog7u@yale.edu,7264444582,N9HV9aIvI
284,Farlay,McAuliffe,fmcauliffe7v@phoca.cz,2395660368,PXFgM1y
285,Blanch,Hounsom,bhounsom7w@wired.com,6389919691,3g1W0fMPKXz
286,Konstanze,Moran,kmoran7x@psu.edu,2219985265,0tW0JtGkBu
287,Ric,Henden,rhenden7y@utexas.edu,5969169854,zTa7WQe6kqf
288,Zelda,Stanfield,zstanfield7z@adobe.com,3421846609,TxNKuM
289,Shaine,Dimmick,sdimmick80@si.edu,3936850007,qSzAKR
290,Angelica,Mattiazzi,amattiazzi81@kickstarter.com,5041668791,06PEcXjunPTT
291,Vilhelmina,Merrick,vmerrick82@over-blog.com,6405159308,1PVm8oBWo3
292,Broddy,Jamison,bjamison83@hugedomains.com,4295242381,pWhlMti
293,Fonz,Punch,fpunch84@stanford.edu,6825699060,0YwGnSEe
294,Janina,Metterick,jmetterick85@a8.net,5972756194,dSKwZJohcmO
295,Elvina,Milkin,emilkin86@elegantthemes.com,1648464572,TsAThHl2g
296,Rosalinde,Capener,rcapener87@springer.com,6868637421,q1kLI5D1gI
297,Sigvard,Luigi,sluigi88@acquirethisname.com,8423390917,LW5WaGn
298,Candi,McConnel,cmcconnel89@pagesperso-orange.fr,8698773740,qoV2kP
299,Duky,Coales,dcoales8a@geocities.jp,8325536376,ocEWmEHjFslG
300,Katerina,Parres,kparres8b@ycombinator.com,7882562244,0NLSQ1G8n
301,Laverne,Kelsey,lkelsey8c@over-blog.com,8472802700,w8UFS4UWN
302,Norah,Uren,nuren8d@google.com.au,6279510263,jAFz79SI9J
303,Bartlett,Beig,bbeig8e@imgur.com,8749067707,TFGlrkh1Yq
304,Jannel,Whenham,jwhenham8f@about.com,3514933332,303GMki
305,Ambrose,Marsay,amarsay8g@fda.gov,5182448252,OBeGbh4w
306,Cinderella,Ridett,cridett8h@hexun.com,8868665446,vEm9x8M
307,Mirella,Chaston,mchaston8i@sakura.ne.jp,4741905896,LSql3VShsr8
308,Welby,Gaucher,wgaucher8j@woothemes.com,6235655451,t7Zr6k6
309,Timmy,Allone,tallone8k@php.net,9689291241,Mkt9MnSk
310,Cinderella,Midghall,cmidghall8l@opensource.org,6614510358,aPV3wRR
311,Ernie,Haggas,ehaggas8m@xing.com,6564938075,jNVSZSMppvO6
312,Rachael,Pethick,rpethick8n@wix.com,9705524278,VgFwCl5KfGX5
313,Philly,Heaney,pheaney8o@skype.com,8862171186,Qi8soimIzL
314,Renate,Pappin,rpappin8p@wunderground.com,9153746043,x7LuVzoa8
315,Marnie,Carlesi,mcarlesi8q@fc2.com,2521301780,RRBbH9C2F
316,Lowell,Doring,ldoring8r@ucsd.edu,8509294596,66KW63
317,Llewellyn,Aronow,laronow8s@so-net.ne.jp,9824480220,JEUlgTSfFYy
318,Teddi,Syers,tsyers8t@cocolog-nifty.com,2343265674,vhm5lftcfsu7
319,Cassaundra,Brockman,cbrockman8u@jiathis.com,5762818047,qmtyfE4y4mB
320,Julie,Le Frank,jlefrank8v@4shared.com,5371054118,BCMpXUrdT
321,Swen,Sliman,ssliman8w@discuz.net,8815506623,1b7b3TYoHZQC
322,Emelyne,Kelley,ekelley8x@europa.eu,9155822920,YNl7wN
323,Liuka,Horburgh,lhorburgh8y@intel.com,7873442429,wXJUFUk0Lzz
324,Leslie,Reach,lreach8z@barnesandnoble.com,4024555064,x1NyojbS1kr
325,Aubry,Doubleday,adoubleday90@cbslocal.com,1535071326,DZcHXfj8
326,Jolynn,Mariel,jmariel91@last.fm,7931560239,eZVYipuQ1iW
327,Geri,Tithecote,gtithecote92@harvard.edu,7105062665,JQ50sl5VZF
328,Rasia,Nisco,rnisco93@so-net.ne.jp,5305764858,q94dWrTvG
329,Leanora,Timlin,ltimlin94@columbia.edu,4996224000,FM6plJ4tW
330,Dorian,Lukasik,dlukasik95@free.fr,6696313435,bnqBGHD9jXnd
331,Shannon,Gleave,sgleave96@ucoz.ru,4711375751,IGyAmO5Ks
332,Laurene,Arnholdt,larnholdt97@usda.gov,2619637805,V6YUJL1g1IFf
333,Klarrisa,Burnsell,kburnsell98@tinyurl.com,4126799690,ZNc0yyszdhXN
334,Jae,Motten,jmotten99@mysql.com,7344595714,KwYn6n90AJ3u
335,Eugenio,Slimme,eslimme9a@etsy.com,5677403153,bSMYAlfMLP1
336,Juieta,Kissick,jkissick9b@wsj.com,2712093613,byXcOzORVeN8
337,Pierrette,Reynalds,preynalds9c@hibu.com,5056631777,ZvDR38
338,Jarid,Petken,jpetken9d@constantcontact.com,2565042045,lQIll3LJwFy
339,Phebe,Litherland,plitherland9e@mapquest.com,4258096381,5rHUEHb
340,Erich,Neiland,eneiland9f@google.com.au,7133332615,sLhCNAeBnj
341,Kacey,Yu,kyu9g@issuu.com,1112997931,isL4EKCGk7zV
342,Mersey,Pickerell,mpickerell9h@indiatimes.com,1255288398,BHWkTFBGK6
343,Malinde,Yukhtin,myukhtin9i@cocolog-nifty.com,4935851604,sxqdWrlCKzNA
344,Randy,Blenkin,rblenkin9j@devhub.com,1413542772,9dqh0BTf
345,Jdavie,Tardiff,jtardiff9k@google.de,1943141290,qK12FVC
346,Don,Lawfull,dlawfull9l@hp.com,4829820504,UKXy7HlV
347,Northrup,Althorpe,nalthorpe9m@networksolutions.com,5103500288,XI67TWZ
348,Merill,Burley,mburley9n@github.com,1627062409,ErFfysO
349,Ainslie,Cunnell,acunnell9o@weebly.com,1097192971,oehoNGIhWjEm
350,Del,Ganniclifft,dganniclifft9p@unicef.org,5633347461,6lRpe5K
351,Morgana,Lawlan,mlawlan9q@spiegel.de,4022183936,6HMYwNuS6
352,Candy,Martinyuk,cmartinyuk9r@telegraph.co.uk,9948553902,y2U6l0
353,Kai,Dimbylow,kdimbylow9s@over-blog.com,1359300420,Y5nD7k
354,Margaretta,Glendenning,mglendenning9t@yandex.ru,1065995794,cncMDsflgIK
355,Ema,Mathonnet,emathonnet9u@craigslist.org,8238785685,WyJa1yu9H
356,Wilfred,Castanaga,wcastanaga9v@ehow.com,5079442872,kxhg2icm
357,Daven,Gush,dgush9w@google.de,6321288477,UeVWlQDgAWfD
358,Hattie,Gratton,hgratton9x@reddit.com,1181340718,iTAn8n
359,Willdon,Banstead,wbanstead9y@scientificamerican.com,8223170998,vNGcvRFn6Q
360,Godiva,Lofts,glofts9z@ustream.tv,9624728358,ZahVYZPJH6
361,Aurel,Ivashin,aivashina0@webnode.com,3087018753,uXCxARz0
362,Olly,Fierman,ofiermana1@myspace.com,3639442427,XzwvKv
363,Olympe,Rominov,orominova2@google.cn,9957793939,k6abXLvIdwW
364,Joannes,Hayhurst,jhayhursta3@dmoz.org,5211730369,CrEbkEqNd6R5
365,Clerc,Goudard,cgoudarda4@thetimes.co.uk,6662915224,wbUFOeA
366,Zandra,Inderwick,zinderwicka5@foxnews.com,2632397788,rKwgUXtRPPN
367,Staford,Harvard,sharvarda6@skype.com,5924315891,gh3Xx5nbKg
368,Basilius,Breston,bbrestona7@bigcartel.com,6925157976,kJhpdB
369,Zondra,Lippard,zlipparda8@gizmodo.com,7514327747,apAChMC
370,Ginelle,Meininking,gmeininkinga9@plala.or.jp,3948336474,UNO947
371,Brier,Beazley,bbeazleyaa@lycos.com,8062238025,dqkUKh0kE2Md
372,Winn,Tippetts,wtippettsab@cmu.edu,5369145842,P6HE1GE
373,Elton,Linning,elinningac@yolasite.com,6244996739,uoPHNtXBE
374,Enid,Raine,erainead@businesswire.com,4388528490,IwirLrOBhYg
375,Adriane,Hayden,ahaydenae@elpais.com,5513326595,ZzXWre
376,Agnese,Blakeney,ablakeneyaf@topsy.com,9252247980,RO5wxFrZBcE
377,Bordie,Pettinger,bpettingerag@umn.edu,5357805919,678OyE
378,Maurine,Vaneev,mvaneevah@ucoz.ru,4834508269,SFc3mk8CnQWX
379,Maryjane,Lemanu,mlemanuai@twitter.com,7289709039,XG7K0bEO7o
380,Sammie,Elsmore,selsmoreaj@netscape.com,3794474889,pt6vE6GbMZs0
381,Drud,Conyard,dconyardak@utexas.edu,3263329629,OF0Y0IwMr
382,Melisande,Pellingar,mpellingaral@amazonaws.com,2646868923,wfrOBOJY1v
383,Krystyna,Barwick,kbarwickam@123-reg.co.uk,4596350257,PKTgnc
384,Deedee,Broadis,dbroadisan@chicagotribune.com,6396487640,vOlrWO8PGQQx
385,Hew,Devonside,hdevonsideao@boston.com,3494301881,QxdcoOf
386,Doloritas,Tour,dtourap@a8.net,1188784323,9iw4xlHymX
387,Herbie,Antoszewski,hantoszewskiaq@wix.com,6495126407,A0lQZLbpBR4
388,Hermy,Trubshaw,htrubshawar@vkontakte.ru,1045342617,sjC4aKKNKRV
389,Nichole,Pinare,npinareas@indiegogo.com,2702351679,0BMCUAxHKf
390,Nanete,Sheehan,nsheehanat@wix.com,9611498651,uXfVqzlT
391,Susette,Swynfen,sswynfenau@yellowbook.com,8228385453,3FsG0jVbKpT
392,Terrel,Nickoll,tnickollav@economist.com,8092152371,SAqahoS8Lll
393,Elie,Le Noury,elenouryaw@blogtalkradio.com,9223227967,g0mh7JB
394,Kristine,Taynton,ktayntonax@ed.gov,5288550786,nXAAyYoS
395,Nev,Stowte,nstowteay@gnu.org,1682658658,Q7CMNn
396,Chrissie,Jevon,cjevonaz@blogger.com,6623097559,af9gpff9W
397,Heath,Scrowby,hscrowbyb0@redcross.org,3141385499,jjFPNieu
398,Luci,Yankeev,lyankeevb1@sciencedaily.com,7673315996,2YctLLJreQ
399,Augustina,Klimentyev,aklimentyevb2@aol.com,4298552434,jYDp0r9ay
400,Lucina,Barkley,lbarkleyb3@soundcloud.com,7248707186,AdkGpJDdy1
401,Harlen,Ralfe,hralfeb4@columbia.edu,1271534934,A8vnHkW
402,Jolee,Gravell,jgravellb5@google.com.br,2136899546,Kjahygrv
403,Alisander,Lambertson,alambertsonb6@opera.com,9888190759,noE1VFYYfiHH
404,Regen,Waadenburg,rwaadenburgb7@constantcontact.com,9021557490,1fbSY7CH4
405,Tabbi,Twitching,ttwitchingb8@earthlink.net,7153976460,mPddp1
406,Zonda,Marcoolyn,zmarcoolynb9@yellowpages.com,8567113754,d28fVz
407,Shelden,Sewter,ssewterba@people.com.cn,9283000902,UL60oqp7F
408,Mahalia,Rengger,mrenggerbb@nasa.gov,9894079113,7j5GLSmIauUi
409,Elsinore,Rumble,erumblebc@naver.com,1721860402,42bIQn
410,Ade,Thowless,athowlessbd@mediafire.com,5812948305,bZhauyAQI3v
411,Ellyn,Pitcock,epitcockbe@jimdo.com,6267155654,ueHKtP1Z
412,Frasco,Lafferty,flaffertybf@dyndns.org,5054304571,nkBWjqJ
413,Reta,Eveleigh,reveleighbg@mtv.com,5803086524,lpj8Scw
414,Freida,Pittam,fpittambh@stumbleupon.com,7115452880,WxN3qI
415,Deerdre,Knights,dknightsbi@geocities.jp,6095728129,IgeUvK4doZe
416,Fonz,Kingswood,fkingswoodbj@webmd.com,6645237777,9e6axOgLQ
417,Kerstin,Grimmett,kgrimmettbk@reuters.com,2565492706,z2iR1hq
418,Claresta,Sapir,csapirbl@yelp.com,4572127222,a48v35f3
419,Magnum,Cavanaugh,mcavanaughbm@altervista.org,8812363160,w5GgTX
420,Nicky,Fink,nfinkbn@gov.uk,6556955642,4KV0HpZNplZ
421,Christan,Starr,cstarrbo@4shared.com,1896422055,PVftZgRqh2
422,Theressa,Cowser,tcowserbp@shareasale.com,9547174408,eAGukpZhC
423,Andreana,Goodge,agoodgebq@psu.edu,7206113019,WuKxUTy
424,Marlowe,Pilgram,mpilgrambr@goo.ne.jp,6302989289,Vmq6NJe
425,Tony,Eyer,teyerbs@ameblo.jp,2552858488,UPHUrJM1
426,Cornall,Phizakarley,cphizakarleybt@youku.com,7939642455,Hpg0p22FAOB
427,Inger,Scargill,iscargillbu@mozilla.org,4898353423,box0fsWoP
428,Chiquita,Tommaseo,ctommaseobv@w3.org,7721724157,9kzixP
429,Carlotta,Shrubb,cshrubbbw@issuu.com,6878572153,k22vT7Jnk3HJ
430,Shawna,Hanrahan,shanrahanbx@comsenz.com,7404009096,uUcCFDds0
431,Demetre,Kitchingman,dkitchingmanby@devhub.com,1048378022,1eYgiHsu1fy
432,Hazlett,Gamett,hgamettbz@bbc.co.uk,8286592198,C6CMHGCU63
433,Murvyn,Donwell,mdonwellc0@marriott.com,8686393029,NUYKZRvykUE
434,Corby,Katte,ckattec1@techcrunch.com,4212217455,nrDXVYE
435,Even,Parsell,eparsellc2@smugmug.com,8073431885,OMaHNBMVjj
436,Emanuele,Wardlaw,ewardlawc3@1und1.de,7948207014,dMpNsF
437,Vickie,Tierney,vtierneyc4@domainmarket.com,7106395536,YZU4IE
438,Hendrick,Mehew,hmehewc5@github.io,2067160646,WgarzFbe
439,Kristel,Barbera,kbarberac6@elpais.com,1529374838,0TwBbQd
440,Vera,Rillatt,vrillattc7@nifty.com,1208108375,a5exO91px5Kn
441,Ellwood,Humbatch,ehumbatchc8@google.de,2893282024,Vogz8qU
442,Mirabella,Rhodus,mrhodusc9@cmu.edu,4764601085,Wr3R3b
443,Read,Mattheis,rmattheisca@youtube.com,7239391486,bpy7ekmj
444,Johna,Cauderlie,jcauderliecb@com.com,8227308075,THpXGDy1t
445,Shurlock,Kayley,skayleycc@technorati.com,2799818299,qPvOiVuvRqCF
446,Pierrette,Harryman,pharrymancd@dot.gov,5547021846,2bGenh
447,Glynnis,Pinchen,gpinchence@java.com,1079693373,hapOT9ilFIiQ
448,Jobye,Cavill,jcavillcf@go.com,2796339468,ih6KkQs
449,Gayler,Eversfield,geversfieldcg@salon.com,3304671562,ZllC1QIx
450,Nannie,Spadeck,nspadeckch@hibu.com,1669387995,LLs6FNTEOqob
451,Cahra,Flynn,cflynnci@bbb.org,3468262838,7ShJKWEvyGm3
452,Odetta,Dixson,odixsoncj@zimbio.com,4751171179,4yduGWsrf
453,Efren,Candish,ecandishck@usa.gov,4019410965,XOgf9F
454,Donny,Prowting,dprowtingcl@army.mil,9789622407,4yjS1gCPqR8
455,Terri,Egleton,tegletoncm@domainmarket.com,2857504732,rTtOr8N
456,Allys,Muffett,amuffettcn@gravatar.com,7075652356,mSXWGST
457,Wanda,Tomlins,wtomlinsco@seattletimes.com,1846383861,sm2bppCAXc
458,Barrett,Conen,bconencp@techcrunch.com,9218715327,O0ZL9AC0
459,Rickie,Foldes,rfoldescq@gmpg.org,7541054287,qTfqbhX
460,Dag,Zini,dzinicr@usgs.gov,1397164992,155jS97d6
461,Ilsa,Devall,idevallcs@amazon.co.jp,8779340962,prTqk9hHN0f
462,Yankee,Syer,ysyerct@comcast.net,7512957285,PFNV5xg2
463,Cleveland,Carlsen,ccarlsencu@list-manage.com,9314162103,9SM4hm3gTZr
464,Anita,Perello,aperellocv@hud.gov,8256362604,Xn134SRmBZsF
465,Clyve,Baurerich,cbaurerichcw@delicious.com,7544924738,rfN00uRkRK
466,Constantina,Espasa,cespasacx@java.com,6791936024,B9hFpPx0
467,Salaidh,Kubicek,skubicekcy@storify.com,7544378573,VBSEm4g
468,Sayers,Caseborne,scasebornecz@vinaora.com,5011447921,ymIuosdnjE
469,Margret,Warrier,mwarrierd0@imdb.com,7676055377,srwudK2
470,Padraic,McTurlough,pmcturloughd1@dagondesign.com,7072801044,FhY1HjshwFRM
471,Findlay,MacPhaden,fmacphadend2@weebly.com,5745513161,pregiKxWBJix
472,Rubie,Vannikov,rvannikovd3@state.gov,1489744918,VlLEH59W
473,Drusi,Olander,dolanderd4@psu.edu,6834241268,zv5nRt
474,Ellwood,Maddaford,emaddafordd5@rakuten.co.jp,7253573878,6nWPPn3Gn
475,Tiffanie,Muddle,tmuddled6@unicef.org,1564701090,pk1FLHqIfF
476,Flory,Temblett,ftemblettd7@nasa.gov,3067606682,3tuCLq6SAv
477,Saw,Dunguy,sdunguyd8@psu.edu,1364720724,sIhCwlBurPVW
478,Jacynth,Haselgrove,jhaselgroved9@vistaprint.com,6674977611,9cL4N2qsN6u
479,Flem,Leisman,fleismanda@google.cn,4669726818,dkxSDt
480,Hodge,Dyet,hdyetdb@phpbb.com,7904491320,JDVFag2rw
481,Tades,Janssens,tjanssensdc@naver.com,6107530339,LwG045xRVaWA
482,Florenza,Sherrett,fsherrettdd@moonfruit.com,4576170818,N5xSvK4Cjn
483,Jarad,Gayter,jgayterde@acquirethisname.com,7592579285,Jt9lene5JT
484,Liane,Linke,llinkedf@scribd.com,4518387885,IZj01dyyj4n
485,Nealon,Gault,ngaultdg@cnet.com,7476422298,HU25xu
486,Scarface,Lonsbrough,slonsbroughdh@zimbio.com,2381404154,AlY7NFzR5gy
487,Niall,Roxbee,nroxbeedi@reference.com,4931266287,iSRaKHjw3EZ
488,Joyous,Denes,jdenesdj@t-online.de,3459635070,SDMABHNoO3B
489,Allix,O'Hone,aohonedk@army.mil,3526878389,yugqsHrHYB
490,Loria,Hunstone,lhunstonedl@artisteer.com,7426103669,gulX1MI
491,Bartel,Christopher,bchristopherdm@abc.net.au,7127849973,WmdBWTjc8oma
492,Ophelia,Pittle,opittledn@blog.com,9231412782,96LVooZD
493,Adrianne,Goss,agossdo@stumbleupon.com,6121694903,I2dgVjevT7Th
494,Tressa,Olsen,tolsendp@woothemes.com,5642701199,0eCPYwQ
495,Anni,Stanley,astanleydq@salon.com,7608163384,rtIJYKbkLB
496,Shaun,Brandolini,sbrandolinidr@people.com.cn,4109210820,nZRzQkTz
497,Analiese,Grcic,agrcicds@seattletimes.com,1262490544,kpzogaj10g
498,Mimi,Obal,mobaldt@salon.com,2414315896,l8DGNeR7cFFi
499,Berna,Cran,bcrandu@blogger.com,6069119748,2oDFZ3
500,Jorrie,Bahlmann,jbahlmanndv@ask.com,9887069938,RxqozkcSWFfw
501,Darwin,Collecott,dcollecottdw@ft.com,4615218323,tT6aJBtqgoN
502,Hussein,Rabbatts,hrabbattsdx@ning.com,1307335811,b07APJ79Cw
503,Gleda,Vennard,gvennarddy@ucsd.edu,6172839068,MMaHEa8BRe1
504,Artie,Dibden,adibdendz@reverbnation.com,5339042540,IiNBVgOGm2YC
505,Gerald,Adamec,gadamece0@narod.ru,7131764803,f9PcM6XfnhF1
506,Fredi,Deners,fdenerse1@elpais.com,1777519450,j3TJxmv
507,Brandais,Vasichev,bvasicheve2@google.co.jp,9348575368,eO7MM8AYJX
508,Steward,Arnecke,sarneckee3@storify.com,7039353370,hx1qKlo
509,Godfry,Amps,gampse4@ameblo.jp,4666840654,xIzVCgXu5
510,Ddene,Wedlake,dwedlakee5@flavors.me,6194788373,PWNTMcXPkhK
511,Merilee,Wahner,mwahnere6@networksolutions.com,1639627291,HehCnUdUWx
512,Mycah,Lewis,mlewise7@bbb.org,1795609901,QJSSOKVBJWB
513,Agustin,Kahane,akahanee8@boston.com,9693224150,IrmhdApsVEGz
514,Vanni,Mullen,vmullene9@ow.ly,2389872734,C19kVRbM
515,Bartolemo,Le Maitre,blemaitreea@51.la,3065227000,KZvASV
516,Micheal,Pickin,mpickineb@samsung.com,7513406763,43uXYQfk28Z
517,Brade,Mitchener,bmitchenerec@typepad.com,3169464966,d36dPR1e9AF
518,Morgan,Brader,mbradered@yolasite.com,4022204977,Wo1a6s
519,Collette,Argo,cargoee@prnewswire.com,3157746377,uBSrTbBG
520,Dalton,Antoni,dantonief@mit.edu,3609420907,e1R7Osd
521,Nicoline,Billes,nbilleseg@webs.com,1098977610,uxN9ArLuZ
522,Udell,Mathivat,umathivateh@ehow.com,2667424520,0PhPc1w
523,Eryn,Cicullo,eciculloei@youtube.com,1776952947,1hlBy3
524,Brana,Jore,bjoreej@accuweather.com,6912468002,277IPvjr
525,Nickolai,Lesaunier,nlesaunierek@rambler.ru,1821271450,FzqIkqoxiCAC
526,Dora,Galletley,dgalletleyel@histats.com,3883590373,8rcg4mhPVbn
527,Ramsey,Cleaver,rcleaverem@google.cn,7713854193,iwApdYmmD
528,Edgar,Goolden,egooldenen@wikia.com,3804527042,eCtNm6TML
529,Ivy,Croisier,icroisiereo@unesco.org,8233346354,pNmM4Ka
530,Oralee,Linklet,olinkletep@webmd.com,9773153311,ybYni5CK1S
531,Drucill,Mangeney,dmangeneyeq@illinois.edu,1079815190,T5n7CvC0
532,Buiron,Coatsworth,bcoatsworther@clickbank.net,8117014340,rMiLSrig
533,Crin,Blatcher,cblatcheres@netvibes.com,8742063506,OvIpnN4
534,Lyndy,Stitle,lstitleet@instagram.com,9714154544,VHiDOOS
535,Selinda,Frape,sfrapeeu@freewebs.com,6997486511,0KksUlx5ilk
536,Elonore,Bonnaire,ebonnaireev@disqus.com,7756784674,tOKWNf
537,Jacob,Jewell,jjewellew@canalblog.com,7544819877,q8hy2pQWWg0
538,Locke,O'Gavin,logavinex@macromedia.com,8232733127,qYs1c28bJa
539,Marijn,McLevie,mmclevieey@flickr.com,5759053936,Dc2TQzOCxl
540,Miguela,Pero,mperoez@etsy.com,9287988694,lu4cPZ
541,Otto,Conneau,oconneauf0@biblegateway.com,9309330001,w9W7cEEi
542,Byrle,Potkins,bpotkinsf1@cnbc.com,1908590206,EYOcvYv
543,Sheela,Reolfi,sreolfif2@desdev.cn,8601244033,Sv4yf9bHJov
544,Sandy,McCracken,smccrackenf3@mediafire.com,9234376974,Hifi1T
545,Daffie,Perschke,dperschkef4@wikipedia.org,3225364925,HGePHU
546,Fergus,Perutto,fperuttof5@army.mil,1236715035,fXR6ZNsOf3G
547,Inez,Clappison,iclappisonf6@privacy.gov.au,2426198820,EbN57qWdR5ZQ
548,Ulrick,Trumper,utrumperf7@etsy.com,8793854422,E1snBB
549,Odelle,Arnald,oarnaldf8@rediff.com,9394791400,nMwOWdOTKbr
550,Rayna,Cluderay,rcluderayf9@altervista.org,4881096978,f1vspR8J
551,Jozef,Prebble,jprebblefa@moonfruit.com,1914355757,zfqFoCNwYInm
552,Lenard,Paddon,lpaddonfb@blinklist.com,5631859192,zwPuzVnhK8
553,Paige,Jezzard,pjezzardfc@eventbrite.com,4307531310,ORvndO
554,Jami,Le Breton De La Vieuville,jlebretondelavieuvillefd@marketwatch.com,3839578362,6crQ6SWDlo
555,Valida,Beggio,vbeggiofe@1688.com,9368518736,DiZAEq
556,Shaylah,Bayford,sbayfordff@sitemeter.com,6958627095,5pZYON6DCLy
557,Josy,Stapylton,jstapyltonfg@loc.gov,5499913144,U8GNJEi7gM
558,Pauly,Shedd,psheddfh@ehow.com,8112783437,VNHuWIYmlu3a
559,Randene,Buckenhill,rbuckenhillfi@patch.com,7455363538,UluZ42
560,Waneta,Clarridge,wclarridgefj@dropbox.com,2126071445,icgT5jW
561,Lana,Habble,lhabblefk@pagesperso-orange.fr,4121320870,8rWh5WZOZsV
562,Alanah,Klemt,aklemtfl@ibm.com,9127506051,QQjjuhH
563,Cariotta,Mackinder,cmackinderfm@typepad.com,6094128759,8hzj6W
564,Anya,Alders,aaldersfn@answers.com,3095978756,eRSE0mf29K
565,Tomasina,Balazin,tbalazinfo@cbsnews.com,5532130315,ciM71DB1zh
566,Ferdinanda,Marjanski,fmarjanskifp@canalblog.com,4503450105,bwBsIK
567,Gregory,Wight,gwightfq@blogger.com,8128040266,C7Sa3MQMDp
568,Jessa,Pietri,jpietrifr@ed.gov,3922553609,eSKaWkQ
569,Xaviera,Howis,xhowisfs@people.com.cn,5072788553,m2jX7OOjF
570,Hollie,Caton,hcatonft@yelp.com,2627791017,pZRODIcDR
571,Mirelle,Hanselman,mhanselmanfu@nsw.gov.au,3264802789,Cdt3i0TdGOk
572,Tiertza,Fawdrie,tfawdriefv@behance.net,4271111349,vOpf6ttzOV5W
573,Clara,Aluard,caluardfw@list-manage.com,9372819108,dvjXYcipbH
574,Moises,Van Der Walt,mvanderwaltfx@webnode.com,8953029093,fK34yfWSfh
575,Aime,Krauss,akraussfy@omniture.com,3655680754,AgfGTgR49A
576,Wait,Authers,wauthersfz@latimes.com,4742166802,OjNnHAKhRXV
577,Nady,Dell Casa,ndellcasag0@istockphoto.com,7199073971,wyC7dBNMoK7
578,Knox,Woodfin,kwoodfing1@indiatimes.com,4626916324,b4TXaVLoS
579,Zita,McGauhy,zmcgauhyg2@arizona.edu,8695888419,TMY1djK
580,Emelia,Stickens,estickensg3@surveymonkey.com,9011589125,jRazPQW
581,Raquela,Chung,rchungg4@xrea.com,2146701226,2k8FRTj5Aot1
582,Annissa,Van Niekerk,avanniekerkg5@networkadvertising.org,1234156387,Lk6nnXs
583,Tully,Blaxill,tblaxillg6@ucsd.edu,9504828807,8W3luPqCuBo
584,Thelma,Meharry,tmeharryg7@networkadvertising.org,1846431279,Kk0lsVRJT
585,Joy,Benzies,jbenziesg8@webmd.com,9262061480,bxUTlkjGFh
586,Sylas,Borkin,sborking9@columbia.edu,4549989904,gnnPUHflMQ2
587,Ofella,Kliche,oklichega@macromedia.com,3925790619,O0oJi98
588,Jennie,Seden,jsedengb@cdbaby.com,1107431566,vCsAo6A2zzS
589,Harris,Ackred,hackredgc@bbb.org,5209801920,WPTrK32
590,Earlie,Dayly,edaylygd@hp.com,3853636976,64S6aLHd
591,Nikolas,Bedow,nbedowge@cnet.com,5539866041,IiRcBH3k
592,Georgianna,Fawdery,gfawderygf@soup.io,1538177210,O5533th
593,Caroline,Gallandre,cgallandregg@wordpress.com,2647578601,JR6FFAbE
594,Desmond,Castree,dcastreegh@delicious.com,2158768534,mC4vVlTZp8bd
595,Christoper,Chaters,cchatersgi@theguardian.com,3475309829,z6HWakePA
596,Cordell,Gabbett,cgabbettgj@gnu.org,1656076849,bUhUUlkUkP
597,Giorgi,Corradini,gcorradinigk@is.gd,6631455690,MxoR9ZoG4og
598,Alphonse,Ditter,adittergl@cdc.gov,4427940450,dvwvuZ5o32r8
599,Sylas,Gypps,sgyppsgm@squidoo.com,4266570557,p1gwhDLsPI5
600,Gretta,Tollemache,gtollemachegn@marriott.com,3265052411,6vK4DvBCV
601,Graeme,Leathley,gleathleygo@unesco.org,9043927203,Jf9uF1j
602,Stephine,Mundwell,smundwellgp@github.com,5015097203,6Xqv0TwS97
603,Jasen,Saffran,jsaffrangq@w3.org,7313502658,Xe3EEpm61t5
604,Jarret,Sinnat,jsinnatgr@harvard.edu,8776894489,VYFtAHwXaf
605,Luther,Mayho,lmayhogs@joomla.org,6683568701,2jD4H6X4hNX
606,Rosanna,Saker,rsakergt@shop-pro.jp,7372936423,sSLKZ5jPSxI
607,Anet,Pocke,apockegu@so-net.ne.jp,9395804527,Alb5ESKHL
608,Clifford,Thulborn,cthulborngv@mit.edu,7215973659,ikH7gwI3
609,Nealy,Pickaver,npickavergw@dedecms.com,5208763493,spMuegTByl
610,Amberly,Finnick,afinnickgx@blog.com,2198800978,NxfxzaEh
611,Garald,Hartly,ghartlygy@delicious.com,3747358098,zK8CDnsDQ
612,Engelbert,Whyman,ewhymangz@irs.gov,3616169261,yCeRyoe1
613,Alessandro,Cresswell,acresswellh0@i2i.jp,8568483118,kwlpvKx7
614,Cad,Theobold,ctheoboldh1@bloomberg.com,4836232689,k337JtyisQh2
615,Glennie,Greaterex,ggreaterexh2@nps.gov,2245097446,sDH7XfCN
616,Bevin,D'Alessio,bdalessioh3@tumblr.com,9241305893,aqrss36h
617,Kaila,Bunce,kbunceh4@spotify.com,6917565742,T3qmWNcpMRm
618,Valida,Silverstone,vsilverstoneh5@zdnet.com,6205177513,BMDmkhw
619,Nariko,Yitzhakov,nyitzhakovh6@istockphoto.com,2757880408,lyeNoo4Z5Pv
620,Bobbee,Eastcott,beastcotth7@plala.or.jp,8107312515,57UAgiU
621,Debbie,Legh,dleghh8@bloglovin.com,6822939894,2EQr3Kt
622,Ulric,Sutherden,usutherdenh9@netvibes.com,5924316438,cfpWPaLl
623,Libbey,Kenningham,lkenninghamha@narod.ru,4003774035,JSkwt7
624,Joyous,Domoni,jdomonihb@elegantthemes.com,8578360871,S45rdMr0zC5
625,Taylor,Dhillon,tdhillonhc@bbb.org,3626722981,RKLxUlnRAx
626,Nerissa,Peplay,npeplayhd@apple.com,8919794301,FF1NcpO8
627,Fax,Corneliussen,fcorneliussenhe@wikispaces.com,5546032739,NM50QxS
628,Matty,Childs,mchildshf@ow.ly,7312070829,WvDKtorCKDK
629,Angeli,Terris,aterrishg@studiopress.com,3769399424,c7xfbj
630,Sol,Alfonsetto,salfonsettohh@msu.edu,5313362747,ktlTWj2RMUW
631,Somerset,O'Feeny,sofeenyhi@studiopress.com,6831733219,6B1C4FG
632,Dannel,Arboine,darboinehj@multiply.com,8033389414,L2NuwmN
633,Donaugh,Fedoronko,dfedoronkohk@blog.com,4827473982,P0UdBlJ
634,Elke,Rogers,erogershl@deviantart.com,1569836552,heVb1Gt5mkdO
635,Gearalt,Loosmore,gloosmorehm@mail.ru,8602102425,if0627NfjDfD
636,Lon,Howselee,lhowseleehn@macromedia.com,3639747037,8tqzuJYpi5Tf
637,Alister,Kiendl,akiendlho@utexas.edu,6584233708,ZrvDajMFOS
638,Kitti,Blankley,kblankleyhp@themeforest.net,6205054506,PUZ7Ao
639,Tabbatha,Rush,trushhq@bbb.org,5784472832,UsmX72v7
640,Larisa,Hamnett,lhamnetthr@themeforest.net,8736666463,pn4vHph3
641,Aurel,Simla,asimlahs@mysql.com,4885341708,7p3fpJE
642,Marnie,Mattityahou,mmattityahouht@cnbc.com,7688740738,sSlCqeywKRZ
643,Levi,Delgua,ldelguahu@npr.org,5394576610,JeAEY4D
644,Hortense,Slaten,hslatenhv@wufoo.com,2522507936,X69no50HI
645,Berton,Paliser,bpaliserhw@1und1.de,5506134863,woguvwGrk
646,Mitzi,Foltin,mfoltinhx@google.ca,2546114197,2SUHkNUkA
647,Reina,Ashment,rashmenthy@so-net.ne.jp,1832164601,sZwBhMFg
648,Drucy,Moulding,dmouldinghz@about.me,9161848176,ZYDBtcQ0Q
649,Budd,Giraudou,bgiraudoui0@wikimedia.org,2855539311,rjSlcuXsY3G
650,Leola,Tookey,ltookeyi1@businessinsider.com,9359847591,32cuaz
651,Jarib,McSaul,jmcsauli2@t.co,3194791419,r0x0G6UQ1GK4
652,Delilah,Samber,dsamberi3@pinterest.com,9388581524,iHxyv9
653,Nikolia,Playle,nplaylei4@usnews.com,7931718307,AkU7LVe93C
654,Elisha,Haburne,ehaburnei5@topsy.com,4681328690,nbgDnXGH
655,Emile,Foxhall,efoxhalli6@bizjournals.com,2046036300,US41mzqL
656,Merrielle,Jimes,mjimesi7@hp.com,3927828426,EmVMeq46i
657,Vergil,Wisam,vwisami8@dailymotion.com,1987422906,RClylU9vFI
658,Sherri,Bruyns,sbruynsi9@t.co,9307988037,XhwD3Ov5K2e
659,Latrena,Kehri,lkehriia@mapy.cz,6214513792,FIKoxHvMS
660,Madelin,Heppenspall,mheppenspallib@mit.edu,3447722285,0Jc7VoS
661,Cazzie,Waldrum,cwaldrumic@cisco.com,6638488284,n45StNmd
662,Noreen,McClenaghan,nmcclenaghanid@deliciousdays.com,3666141339,YIHykkTP6rS3
663,Jamie,Rothschild,jrothschildie@amazon.co.uk,4758684701,Ht8Ng6k
664,Clary,Ruddick,cruddickif@zdnet.com,5803732729,oRLh3VAQ
665,Lem,Gealy,lgealyig@wordpress.org,7835815961,ORiPhfGXiDg
666,Silva,Quarrell,squarrellih@chicagotribune.com,5412871671,IzMs36o7
667,Ermentrude,Jacox,ejacoxii@yellowpages.com,6808279781,G4VCB9vQG
668,Andrei,Bellhouse,abellhouseij@booking.com,1774219876,z26vcpOxbSP
669,Giorgio,Titherington,gtitheringtonik@marriott.com,2922122204,Unr0QHkjEryb
670,Gery,Soro,gsoroil@oracle.com,3893491417,n5xIUT
671,Karole,Rougier,krougierim@php.net,5881459973,q7SU8ILhbAcv
672,Goober,Blooman,gbloomanin@qq.com,6749592609,mB0JRL1g
673,Leland,Glazebrook,lglazebrookio@springer.com,5265040149,9dz8B3I1zfOr
674,Jessee,Thickpenny,jthickpennyip@tinypic.com,5691881441,ElfO3M
675,Nikoletta,Crick,ncrickiq@eepurl.com,5637661364,94z8nK9
676,Dani,Yewdall,dyewdallir@wufoo.com,1006318922,HbiPFsfH6cDM
677,Honey,Gullam,hgullamis@nhs.uk,9589033943,3gWMdgkS7
678,Glyn,Sandy,gsandyit@php.net,2122639056,fCAC7HvP9r
679,Tine,Hebson,thebsoniu@booking.com,6287544960,3tqwuNsVS0
680,Patric,Perring,pperringiv@jiathis.com,1444817194,upMhNXgm4
681,Ambrose,Lomaz,alomaziw@mapquest.com,1578513087,07ulz28
682,Allyn,Maria,amariaix@smh.com.au,1403167371,7jrNs9C8vNP
683,Carey,McRonald,cmcronaldiy@livejournal.com,7406659018,tvhhzgeKj
684,Ari,Bayley,abayleyiz@storify.com,5991076320,1SlQPT
685,Stefania,de Cullip,sdecullipj0@stanford.edu,9041199428,RiW6IbdHw
686,Lyndsie,Anscombe,lanscombej1@dion.ne.jp,2936768640,EuPHfQsn
687,Harriot,Fredi,hfredij2@usatoday.com,6849403423,YfFO442
688,Jessy,Pasby,jpasbyj3@yelp.com,6245138080,zxPrDhsFbYZU
689,Magda,MacDowal,mmacdowalj4@java.com,6911582630,AWTqRm
690,Sherill,Upfold,supfoldj5@godaddy.com,8432460478,vLATdJRpRc
691,Elianora,Colbron,ecolbronj6@artisteer.com,2647154772,sIcCYCQQbrV
692,Obadiah,Balaison,obalaisonj7@wisc.edu,4959787992,lmLYoYYQCq
693,Beret,Testro,btestroj8@cargocollective.com,9295902297,MEd9zp
694,Cherry,Grolmann,cgrolmannj9@ft.com,2286598847,WkwLjjSsabk
695,Rowland,Cecere,rcecereja@1688.com,1426907524,1mpwHCRtW9
696,Beau,Franzettoini,bfranzettoinijb@prnewswire.com,4192764095,x1bqsYep4
697,Giacomo,Guille,gguillejc@indiatimes.com,5207647787,kWL8lN1WOON
698,Farra,Divers,fdiversjd@jiathis.com,3506142499,xGjRaxvQ
699,Alina,O'Leagham,aoleaghamje@youku.com,7316755775,VniGd1bzIEw
700,Em,Willwood,ewillwoodjf@geocities.jp,6876153672,3Ve5YCwcFJ5
701,Kailey,Earwaker,kearwakerjg@aboutads.info,4047251214,fM8inT
702,Kylen,Masey,kmaseyjh@tuttocitta.it,3185967468,w8bwT2b
703,Elise,Scoterbosh,escoterboshji@walmart.com,6736697907,aUdcVYK19mQ
704,Channa,Sedman,csedmanjj@usgs.gov,6487128240,VPefk1TFHAB
705,Gill,Oughton,goughtonjk@creativecommons.org,9281438206,KjbV5wkm2rd
706,Dacy,Waplinton,dwaplintonjl@fema.gov,1844342273,MxeCZbZX
707,Thomasa,Alyonov,talyonovjm@51.la,4997153377,n6gZlZ4
708,Briney,Gerrell,bgerrelljn@disqus.com,7907379263,cpqd5uYOmc8V
709,Kristos,Philliphs,kphilliphsjo@yandex.ru,3822144857,2y5DG3R
710,Isador,Pithie,ipithiejp@epa.gov,7133755519,0CnwUdS
711,Kaylil,Bonaire,kbonairejq@nature.com,4741659597,E7KcP7oxuz
712,Cash,Edsall,cedsalljr@shinystat.com,4122310766,jWrB50MtOM9e
713,Feliks,Varren,fvarrenjs@google.cn,7618567706,E9GfHlYMDL7
714,Miguela,Albert,malbertjt@reverbnation.com,3379988974,Xjj3Y7pfC1
715,Gregory,Hoofe,ghoofeju@geocities.com,6706148964,0d9uCiXD
716,Freddie,Bachellier,fbachellierjv@examiner.com,6257679353,enVJ4X930PH
717,Clerissa,Durrance,cdurrancejw@squidoo.com,9287393152,ISpJdEQoMzT1
718,Monique,Panketh,mpankethjx@zdnet.com,5699859689,bOqX8j7trkr6
719,Ransom,Petche,rpetchejy@rambler.ru,3935376344,OVxFM0m
720,Tabina,Dmitrievski,tdmitrievskijz@google.pl,7086609348,V23XqSaxlkIX
721,Iormina,Waterdrinker,iwaterdrinkerk0@google.es,6897050971,8Q10cVrch
722,Theressa,Gippes,tgippesk1@php.net,8788604386,MWGOVIK0Z
723,Marlena,Hall-Gough,mhallgoughk2@naver.com,6495028341,LydNmg
724,Virginia,Coolican,vcoolicank3@mtv.com,4959918733,7wrl8425
725,Terence,Cake,tcakek4@icio.us,9514919764,kheAsQrZFOvE
726,Maurene,Lailey,mlaileyk5@bloomberg.com,4876867014,WHSJ6kUK8l5
727,Addia,Stebbings,astebbingsk6@aol.com,8173655359,lUQO3ja7KCv
728,Sabine,Mark,smarkk7@istockphoto.com,9353804775,xz3wt5
729,Beilul,Peris,bperisk8@netscape.com,1687702671,uFORTXnK
730,Shawna,Corington,scoringtonk9@about.com,8398724293,jCfLUOq79w
731,Celle,Axon,caxonka@merriam-webster.com,6523122863,tqUQidQnB
732,Dody,Dono,ddonokb@psu.edu,1133229244,XI2WahEw2
733,Caleb,Cunrado,ccunradokc@theglobeandmail.com,3285120925,qhz0qrQ
734,Hammad,Lockwood,hlockwoodkd@prlog.org,4595376267,710jy7hQ
735,Brendon,Ambrogioli,bambrogiolike@weebly.com,9598611915,cvvFc2oTUX
736,Carlin,Caltun,ccaltunkf@paginegialle.it,6205594495,8BHD1qVR0
737,Ade,Keenlayside,akeenlaysidekg@taobao.com,6976098830,EWzSLJ29lmwM
738,Eric,Gasker,egaskerkh@ihg.com,7868050670,wSHBsiBoG61
739,Ynes,Montford,ymontfordki@google.ru,7758895673,fdWUpp
740,Granville,Todhunter,gtodhunterkj@delicious.com,6279087762,DOFUHdNRxK7p
741,Violet,Aldington,valdingtonkk@miitbeian.gov.cn,3368440484,SjvlV5E
742,Nap,Poxson,npoxsonkl@chronoengine.com,3808067421,WPhAfl6
743,Fidela,Akrigg,fakriggkm@scribd.com,7336344522,CVWhQg5LZ
744,Irita,Bradick,ibradickkn@accuweather.com,1695159398,Z617KiGw
745,Cassie,Betjes,cbetjesko@sciencedaily.com,2281750966,RDEy2hmK
746,Warde,Bownd,wbowndkp@last.fm,2138776186,Zq0XLzWV
747,Rhys,Rolin,rrolinkq@wikimedia.org,1917328448,0mOtf9wW
748,Lindie,Toping,ltopingkr@youtube.com,9351299194,zvnLdGK8bQM1
749,Serene,Lockton,slocktonks@google.de,8551152440,NyFtbbt2v
750,Dalia,Alejo,dalejokt@cyberchimps.com,3202917163,oPuKSNZW
751,Klemens,Willcox,kwillcoxku@symantec.com,3079181952,asRN2L5ljT
752,Milicent,Tofpik,mtofpikkv@jigsy.com,1929185271,XUU3filmYpR
753,Ewen,Glenwright,eglenwrightkw@g.co,6196389321,wjTBCb7ZiLko
754,Deana,Beckhurst,dbeckhurstkx@trellian.com,2024777838,3bb4mICrkB
755,Joete,Hazeltine,jhazeltineky@dion.ne.jp,9392887428,jxZKkXRIJlde
756,Rhodia,Dullaghan,rdullaghankz@wunderground.com,7713639010,IFKdX8OJK0
757,Grover,Peter,gpeterl0@stanford.edu,6338873385,3pGphh6Kbdd
758,Keefer,Godball,kgodballl1@dell.com,2503761073,78R3MjFf7lv
759,Sarena,Huxtable,shuxtablel2@hp.com,7009044160,2t3CyP5zbkr
760,Oralie,Endon,oendonl3@scientificamerican.com,9698787054,1XzEyMiWZuh
761,Mickey,O'Callaghan,mocallaghanl4@ft.com,4217090183,l7R7anu6p3
762,Verene,Marrett,vmarrettl5@wikimedia.org,2301272214,bxcgKp
763,Zelig,Olivia,zolivial6@wufoo.com,1632122342,TvR2Dp
764,Siouxie,Shailer,sshailerl7@wiley.com,1702693447,iU4qey
765,Nataniel,Purdom,npurdoml8@dropbox.com,9655727372,JhcxHthBioT
766,Vivien,Mattin,vmattinl9@google.fr,8541959316,bHk1q3i
767,Shurlocke,Krug,skrugla@prlog.org,1607257906,jAkWH3RlJjv
768,Shurlocke,Ousley,sousleylb@spiegel.de,4979368296,V4u0yk
769,Velma,Mazzey,vmazzeylc@salon.com,9825568684,W62o9f
770,Jeri,Teliga,jteligald@goo.gl,5817130182,m35SwlIgEa
771,Malissa,Brookes,mbrookesle@china.com.cn,6875889698,aNweWn9UBgy4
772,Dorie,Linbohm,dlinbohmlf@photobucket.com,7685549422,SzFABH
773,Donni,Goggins,dgogginslg@yellowpages.com,9893379104,ifWPJRvwC
774,Vidovic,Longstaff,vlongstafflh@cbsnews.com,8274085184,frsXti
775,Oralia,Dobeson,odobesonli@cdc.gov,1829779182,LxZNx6vN
776,Izabel,Frizzell,ifrizzelllj@ft.com,6943840741,Gv3FoC8B
777,Salomone,Kaspar,skasparlk@studiopress.com,5297008440,6bzKm5
778,Lazare,Farrer,lfarrerll@dedecms.com,8093789825,63IJs1
779,Ignatius,Setchfield,isetchfieldlm@goo.gl,8531592263,LwujaZd
780,Silvan,Greiser,sgreiserln@themeforest.net,1429555048,zMrVwfZyKGgz
781,Cally,Lovel,clovello@tumblr.com,6099246097,CqaFzt8fhq28
782,Marietta,Williams,mwilliamslp@netlog.com,4259010427,NeHiw6
783,Rene,Penreth,rpenrethlq@upenn.edu,4946528204,CG2Tef0fOPc
784,Shanan,MacNeachtain,smacneachtainlr@nytimes.com,9832670736,lBbJWekLc
785,Loralee,Poole,lpoolels@google.com.hk,9574746852,LqaSRVg
786,Vale,Gethings,vgethingslt@furl.net,8853823475,vX7cLM4acLK6
787,Jemmie,Bonhomme,jbonhommelu@dion.ne.jp,5049713466,Ae60cS
788,Donnell,Quarlis,dquarlislv@vinaora.com,5589080555,i6KFtfg10j9O
789,Kettie,Lattos,klattoslw@amazonaws.com,1503494582,v5Ytx0h9u2s
790,Curtis,Escalera,cescaleralx@dot.gov,5948393322,7wqMxJuJ
791,Lanie,Colwell,lcolwellly@pen.io,2441204784,I8zBP2sZ
792,Flore,Holttom,fholttomlz@techcrunch.com,9678297296,7ZcQqwW
793,Jacquelynn,Munnis,jmunnism0@pcworld.com,9487059558,V7YNKl
794,Daveen,Handforth,dhandforthm1@feedburner.com,3152880540,M5kWTILp
795,Andriana,Redding,areddingm2@pinterest.com,2931567293,K5w0TB
796,Barb,Wedmore.,bwedmorem3@nhs.uk,4163754141,SsJmA8g
797,Franciska,Fitter,ffitterm4@spotify.com,2444300091,g1qI69sLwk
798,Des,Eglise,deglisem5@parallels.com,6636345629,Rj9vuApsiUQ
799,Linc,Dranfield,ldranfieldm6@twitter.com,8845595161,3GgfOp7GAxAX
800,Stern,Buttler,sbuttlerm7@acquirethisname.com,7798699127,TpQj0UG9
801,Kakalina,Dumini,kduminim8@ask.com,3131825348,wDAq50uWn
802,Konrad,Warrillow,kwarrillowm9@ed.gov,8832101196,vdWFyK
803,Arlene,Larkings,alarkingsma@ibm.com,9259418726,wHziNgl8k
804,Bert,Alabastar,balabastarmb@pbs.org,3796340337,T4peSlrxfRHA
805,Colby,O'Doherty,codohertymc@chicagotribune.com,7689924555,iTWzBL
806,Delmar,Stellman,dstellmanmd@typepad.com,8242224602,pi71sY6Wuihy
807,Rozanne,Bolgar,rbolgarme@archive.org,2564523412,h4PEDkQ
808,Gwenora,Hutable,ghutablemf@japanpost.jp,7186525008,djAVl29Q
809,Helsa,Gullifant,hgullifantmg@google.co.uk,7155107250,oCN6PJtwH
810,Mattie,Bradock,mbradockmh@wikipedia.org,5314570545,0oVIMpqi
811,Jasun,Golightly,jgolightlymi@geocities.jp,9816763213,pcprqQv57
812,Larina,Wibberley,lwibberleymj@rakuten.co.jp,6775471970,OFdnTPoPc
813,Bobbe,Noriega,bnoriegamk@tumblr.com,7105471791,JtCMs5D9Z
814,Valerie,Gerrad,vgerradml@hexun.com,2571220913,cGdoEh
815,Laird,O'Grogane,logroganemm@studiopress.com,4938123272,4mVRS24
816,Rossy,Ace,racemn@craigslist.org,8686718110,gEd0kwB
817,Ruthanne,Carrivick,rcarrivickmo@imageshack.us,5762938210,OluJ3Mjzfiz
818,Bessie,Castiblanco,bcastiblancomp@yolasite.com,3179598378,8y4WRmjMQPU
819,Courtnay,McKimmie,cmckimmiemq@a8.net,6773369905,vqvLTMT
820,Maurine,Beardwell,mbeardwellmr@sbwire.com,6029324636,KsRETfuq
821,Enrica,Tisun,etisunms@gravatar.com,2453225027,ISxKJ0
822,Rheta,Perrin,rperrinmt@fema.gov,3876313754,Chhd54KxJ
823,Gasparo,Moysey,gmoyseymu@cmu.edu,7926486704,D2lLLs
824,Skipper,Champniss,schampnissmv@slideshare.net,3363765655,uZjF65
825,Channa,Tebbe,ctebbemw@aboutads.info,3837850144,75ERTjsePeKX
826,Allen,Cordero,acorderomx@si.edu,4408157855,AmAu755rsgtG
827,Farah,Piquard,fpiquardmy@shutterfly.com,8966987983,Q16Kue
828,Carma,Drake,cdrakemz@sciencedaily.com,8653052967,VH9upRAeoTB
829,Cosetta,Medcraft,cmedcraftn0@foxnews.com,1396643101,MGmd8YiwI04t
830,Ansell,Fossey,afosseyn1@disqus.com,9429979136,1M37MjyDd
831,Irving,Bernardi,ibernardin2@intel.com,7617252801,lNSbhTQaQkU
832,Hermie,Edel,hedeln3@example.com,2839209830,2My35lL
833,Tessa,Corkish,tcorkishn4@friendfeed.com,4906849525,HApdbGFO2c
834,Catharine,Karel,ckareln5@nsw.gov.au,9147087008,Zb5Lan
835,Byrann,Goldie,bgoldien6@tmall.com,9398330511,LqbWMImK
836,Pat,Haines,phainesn7@moonfruit.com,3128735846,JYlgjy3
837,Burt,Moorcroft,bmoorcroftn8@mozilla.com,7112049681,7KruGB3Uf
838,Millard,De La Cote,mdelacoten9@loc.gov,2678633221,1wyUJLQ6B
839,Merell,McColl,mmccollna@netlog.com,2142763570,gxlO8Yicg
840,Cher,Penhaligon,cpenhaligonnb@shop-pro.jp,6174234319,zUKbvMh0
841,Blair,Muscat,bmuscatnc@bing.com,9878523054,hVRv0N6Ne6WW
842,Marlow,Aldcorn,maldcornnd@sbwire.com,7373696857,a4gqAwgCc
843,Keelby,Jull,kjullne@nhs.uk,6362409855,6qDkXtxvh
844,Selene,Ploughwright,sploughwrightnf@forbes.com,6373979365,USYFiOw9R
845,Emmalee,Arnason,earnasonng@ycombinator.com,4563127443,P7VnElYmOH
846,Juliana,Ledgley,jledgleynh@dagondesign.com,8413006313,kF1kRfJEsj
847,Hazel,Tregust,htregustni@vistaprint.com,8136887860,Ko7FUE
848,Normy,Brazur,nbrazurnj@e-recht24.de,7094341208,h4vbRGqZTeIC
849,Perry,Gaffer,pgaffernk@ebay.com,7267609550,T1WgiZkqX0L
850,Fraze,Vedikhov,fvedikhovnl@discuz.net,1617401656,OvHYZ3Q
851,Carlen,Weald,cwealdnm@uol.com.br,7511167218,oyZxpDgOP
852,Borg,Phillput,bphillputnn@storify.com,6953067673,6fXiGbEbDA
853,Francoise,Vasiljevic,fvasiljevicno@addtoany.com,3278458625,FVECrRS
854,Randa,Bris,rbrisnp@blog.com,7483019702,sfPn6lAFWadq
855,Schuyler,Dozdill,sdozdillnq@issuu.com,4812079952,qrtHg3Oc
856,Sapphira,Shemmans,sshemmansnr@qq.com,6163677070,h26YXOxK
857,Orazio,Farish,ofarishns@cocolog-nifty.com,7184575088,dRhqabkejh5l
858,Charlton,Pynner,cpynnernt@t-online.de,9309124600,hOkp0WSR
859,Sibilla,McPartling,smcpartlingnu@about.me,5395933174,tAhgRCecO
860,Keane,Jantzen,kjantzennv@sfgate.com,1467596508,QCw32nGPLPl
861,Sammy,Oxbrough,soxbroughnw@imgur.com,6613453568,aAXNTxJDN
862,Elias,Nodin,enodinnx@utexas.edu,4259727149,0JNHXI
863,Niel,Laughrey,nlaughreyny@de.vu,4751169622,LdjX9Cg3rJ
864,Hildagard,Beades,hbeadesnz@shinystat.com,5324845570,L4nobdUH
865,Reinaldo,Zum Felde,rzumfeldeo0@alexa.com,1143234179,7POqDnCY
866,Amii,Duffy,aduffyo1@goo.ne.jp,5261554660,033TVzS
867,Stefanie,Tawse,stawseo2@nhs.uk,5321758902,9B65F6TmYg
868,Lorna,Laughren,llaughreno3@example.com,3639800322,dfDYYLBg
869,Curry,Humburton,chumburtono4@xinhuanet.com,4608016266,1HYwbnCii2Hf
870,Carlita,Wiskar,cwiskaro5@netvibes.com,9247142173,U3r3xQ
871,Nolana,Whaley,nwhaleyo6@eventbrite.com,8176486277,wIZG4boKBM
872,Norine,Carlesi,ncarlesio7@google.cn,1049149427,P3BPrK4E
873,Joye,Matteau,jmatteauo8@reference.com,5506338904,KnGGAUlkN
874,Tawnya,Gorham,tgorhamo9@xinhuanet.com,5429961594,qJsku6Flm
875,Dore,Arnow,darnowoa@ox.ac.uk,5861243869,XPqqxopJ8
876,Zonnya,Insley,zinsleyob@tumblr.com,6485990097,FDWIAT
877,Shannen,Hunnable,shunnableoc@vk.com,6644537635,O0DEViGB
878,Phillis,Scarce,pscarceod@yale.edu,2339614323,4WVfxINlGR
879,Arabel,Allston,aallstonoe@blogs.com,5639952824,1R6cB63
880,Bjorn,Goodee,bgoodeeof@opera.com,3577496301,TO9JTjG
881,Valeda,Bryers,vbryersog@auda.org.au,5756365509,knkWlT
882,Merlina,Spykings,mspykingsoh@arizona.edu,8057395372,ceTwlJ4qb79
883,Land,Farriar,lfarriaroi@wired.com,8986070724,Q6Qb7mx745Rs
884,Mortie,Whoolehan,mwhoolehanoj@google.ru,7671854863,bLEH0SQA
885,Jeniffer,Clutram,jclutramok@ezinearticles.com,6069064829,JKC3a2JY38r
886,Leonhard,Laughtisse,llaughtisseol@yandex.ru,7321998545,k7mz6iwkyV
887,Arvie,Ales,aalesom@hp.com,7873881376,5O7Sld4E
888,Eachelle,Alty,ealtyon@free.fr,5176027578,3fQRxwQ4CB
889,Bendick,Moulin,bmoulinoo@cornell.edu,2827332842,DfEx5y96BDF
890,Jerrine,Kingswoode,jkingswoodeop@purevolume.com,1846646889,L54rgFmoKNa
891,Reagan,Ackenhead,rackenheadoq@jiathis.com,3434604031,Ga6HKY7O
892,Sven,Khilkov,skhilkovor@imdb.com,8664211413,c61yRcw
893,Ambrosio,Hinkley,ahinkleyos@weather.com,7861820505,NRJcM89
894,Early,Mewton,emewtonot@eventbrite.com,5526687889,CE1LiPhG
895,Aundrea,Espinel,aespinelou@globo.com,9228027592,qebzfv8Fb
896,Niels,Jukubczak,njukubczakov@chron.com,9354397923,M1oKdP6
897,Alayne,Sorley,asorleyow@vkontakte.ru,7976278722,Ui1PaIY4g
898,Parnell,Wooffitt,pwooffittox@shop-pro.jp,8635771912,5nMNpkHCVA
899,Tilda,Saltman,tsaltmanoy@google.nl,9265177305,tJvZDx5z1sV
900,Lenore,Jorczyk,ljorczykoz@weibo.com,5483524235,w4TSq0m0
901,Adore,Furmagier,afurmagierp0@google.it,7471453411,dAWb9Gzt
902,Jolee,MacCaull,jmaccaullp1@cafepress.com,3308759942,683OPnnn
903,Kurtis,Hevey,kheveyp2@bizjournals.com,4261273943,Q0ADlh
904,Barry,Veevers,bveeversp3@scribd.com,2698090946,HPsZ83
905,Obidiah,Bier,obierp4@photobucket.com,6487384737,bb7fDxGhumwz
906,Teresita,Slemming,tslemmingp5@usda.gov,1416132897,tnFrOz2su
907,Renaldo,Salzberger,rsalzbergerp6@nhs.uk,7903480825,dNfIivnZ
908,Rosana,Cadd,rcaddp7@slate.com,6778176945,NiTrBc
909,Greggory,Delamere,gdelamerep8@discuz.net,1337494792,wYlFtRSwe4
910,Isabeau,Coppens,icoppensp9@webs.com,5161907202,HaGohYO
911,Maddy,Daniello,mdaniellopa@printfriendly.com,5298601078,0DdySaxg5yH
912,Thea,Fullwood,tfullwoodpb@soup.io,6654341722,20sPMOutMJCe
913,Amby,Howlings,ahowlingspc@icq.com,4159921978,fx1nc6
914,Chancey,Bothen,cbothenpd@mail.ru,3655100801,MBE7KL6Utf
915,Rosemonde,Hardeman,rhardemanpe@freewebs.com,2808802935,KEOncyTkdS
916,Odo,Longman,olongmanpf@macromedia.com,9981717654,TO2Xc4
917,Gardy,Dowsett,gdowsettpg@time.com,4646888897,NIxHVUXwh
918,Constanta,Turmell,cturmellph@telegraph.co.uk,7468278099,7QJY9GHxS
919,Hillery,Wimpress,hwimpresspi@uol.com.br,8792030088,T3OntPm0M
920,Christine,Squibbs,csquibbspj@virginia.edu,7889082756,iwVeKWOclOy
921,Gerrilee,Alliott,galliottpk@facebook.com,4852048267,zBj0Hc7kL
922,Glenda,Normanton,gnormantonpl@amazon.co.jp,6028255047,0yGf8wA
923,Vivia,Lacky,vlackypm@virginia.edu,2737743469,f1xosKFgJ
924,Diane-marie,Norvell,dnorvellpn@bloglovin.com,3027917664,xB2AGi
925,Brandi,Malmar,bmalmarpo@topsy.com,2944417154,sk4vNm
926,Ginevra,Ryland,grylandpp@shop-pro.jp,9211117403,0AoGcow
927,Mallory,Meachan,mmeachanpq@linkedin.com,7726409283,RyYUfFjXj52a
928,Moria,Siggee,msiggeepr@vk.com,5371841636,3OZSKTSQ
929,Jacenta,Clemenzo,jclemenzops@google.co.uk,8132601184,Uih889o
930,Leela,Diviney,ldivineypt@cdc.gov,2495525658,xvQ71c4
931,Jerome,Apthorpe,japthorpepu@hugedomains.com,8549080975,PHuptJAiay4u
932,Gabi,Fossick,gfossickpv@bbc.co.uk,4165145571,PApEYIO6Dg
933,Cherye,Drexel,cdrexelpw@1und1.de,2058322482,PqM5CTDO
934,Michaela,Sarfass,msarfasspx@yahoo.com,2981061873,EyXCKHlwEM
935,Theda,Castellaccio,tcastellacciopy@technorati.com,3743481661,42gPjttX
936,Stepha,Sympson,ssympsonpz@unicef.org,1688868715,HSsWS32sJ
937,Angelica,Mulbry,amulbryq0@google.es,8968302216,tzpzDzaL
938,Wally,McKevitt,wmckevittq1@va.gov,2014797105,VgU7YhIY4YNp
939,Bordy,Yeldham,byeldhamq2@reuters.com,6208485887,DF7IKjEkH
940,Chev,Hallward,challwardq3@rediff.com,8591583127,yLHQcen
941,Tobye,Klessmann,tklessmannq4@geocities.jp,5746327032,j7yo8EZFI
942,Meyer,Bartkowiak,mbartkowiakq5@123-reg.co.uk,5777371323,CCSjA2
943,Iolanthe,Salthouse,isalthouseq6@cdbaby.com,2489677478,I8ERTscSRBl
944,Zacharie,Dymott,zdymottq7@theglobeandmail.com,4753123799,BVKfCudV4pzx
945,Norah,Westoll,nwestollq8@51.la,9798917611,LToa1Ffxzm4
946,Malachi,Livingstone,mlivingstoneq9@parallels.com,4753292182,Vevc99
947,Antons,Cockin,acockinqa@angelfire.com,3031591122,SnoWEr1irN3
948,Carry,Bartleman,cbartlemanqb@google.com.hk,6351386853,VTkDNpB5H
949,Zebulon,Ivimey,zivimeyqc@mozilla.com,4784942120,Jroj2TIJ7
950,Kaela,Charlot,kcharlotqd@ucoz.com,2523745699,DijSWbHGx51g
951,Leticia,Carrel,lcarrelqe@simplemachines.org,8431149265,Z4Oyt0Xmh4
952,Sabine,Attwooll,sattwoollqf@prnewswire.com,6451466672,v6XAHAj56nLc
953,Charissa,Ballach,cballachqg@cnet.com,9603265176,L6mRkPZaCLJE
954,Terri-jo,Brute,tbruteqh@shinystat.com,7073710919,yQLRoc
955,Rockey,Ireson,riresonqi@cbslocal.com,3801107498,nUCnrYQ4
956,Sandro,Zoren,szorenqj@meetup.com,2732064303,n4bLRJOkp3
957,Fancy,Mossom,fmossomqk@ebay.co.uk,3189315249,XNAs8sj6pBp
958,Kinna,Morriss,kmorrissql@infoseek.co.jp,2633873586,Ke62tcQ
959,Robbi,McCulley,rmcculleyqm@globo.com,9758073189,5PeF5hRvC
960,Niko,Rubinsohn,nrubinsohnqn@buzzfeed.com,3064440546,MnbyBhonBGvd
961,Nelson,Brignell,nbrignellqo@friendfeed.com,4384362443,Qcneu3
962,Alfy,Carverhill,acarverhillqp@cargocollective.com,8768567301,VvBIQ2Jjb
963,Raul,Thouless,rthoulessqq@mysql.com,8589805211,7KaWdbH
964,Hyacinthia,Richold,hricholdqr@patch.com,6024784575,IfHSsA
965,Mandie,Kuller,mkullerqs@umn.edu,1058659138,r5P4Y9
966,Shina,Bucky,sbuckyqt@theguardian.com,1835003770,sRHJJK
967,Seth,Mayell,smayellqu@alexa.com,9086988620,7kkBfFC
968,Liesa,Romayne,lromayneqv@simplemachines.org,7978577436,BNkcyF
969,Johnathan,Tylor,jtylorqw@state.gov,1273251958,dK6kx8Q
970,Giulietta,Ashdown,gashdownqx@wsj.com,7847286912,N7TNklAsxG7s
971,Christye,Ketcher,cketcherqy@fda.gov,6504470346,V48FZIs
972,Julianna,Spain,jspainqz@latimes.com,5393876928,Iv6pxwx2kNR
973,Fidelity,Delacoste,fdelacoster0@jimdo.com,1036305097,HstqFj84
974,Hally,Nevitt,hnevittr1@feedburner.com,7046844587,qXt6ZJe7G
975,Merwyn,Barsham,mbarshamr2@house.gov,7338423982,MkhRrnmP
976,Danika,Mapp,dmappr3@youku.com,9857020698,TPSGAmsn
977,Ede,Howsley,ehowsleyr4@nature.com,2518343747,HVYllM2svt
978,Cornie,Cordner,ccordnerr5@youku.com,9052032286,VVHbXxRT
979,Ike,Mattson,imattsonr6@about.com,3547728199,L5pvaY
980,Dougie,Draper,ddraperr7@weather.com,6193988314,vsDjkNORs2a1
981,Dorise,Garwell,dgarwellr8@naver.com,8461919945,HdEZtovPb
982,Audrie,Gordon,agordonr9@sun.com,5186371486,KJwScL2U
983,Jo,Lemmens,jlemmensra@blogspot.com,7195891491,4rDXXHjEG6
984,Giraldo,Rattenberie,grattenberierb@jigsy.com,7837211637,GPyxUTBZ
985,Brier,Newlyn,bnewlynrc@gnu.org,8717515351,gpbekmDW90p
986,Dyanne,Domek,ddomekrd@friendfeed.com,3605697463,ghPxwWCv
987,Minnnie,Jeakins,mjeakinsre@oakley.com,3607046763,2ZVNPXW
988,Hollis,Cookley,hcookleyrf@barnesandnoble.com,8818370472,39pjWJ1L
989,Deva,Figgures,dfigguresrg@jimdo.com,1186724025,PNRXyFW
990,Bryanty,Magnar,bmagnarrh@soundcloud.com,5064983656,CtklO7s3PmQ9
991,Gerta,Crinkley,gcrinkleyri@cyberchimps.com,3739300361,XsgkctSZ
992,Cassi,Britton,cbrittonrj@theguardian.com,5455893201,fslPQD6i
993,Kaitlin,Laurance,klaurancerk@bing.com,9282648767,UT3qtZ3aDev
994,Dulcinea,Barsam,dbarsamrl@infoseek.co.jp,6572066965,Pef4vTXWQZ
995,Christy,Confort,cconfortrm@addthis.com,8216959216,8bHKPM
996,Derrik,Tolefree,dtolefreern@youtu.be,1415206557,Ljk7acsHhJBS
997,Marven,Demcik,mdemcikro@tuttocitta.it,9686826464,fkLwK7nzo3hc
998,Clerkclaude,Struijs,cstruijsrp@wisc.edu,7471926765,2EOcTu7
999,Wye,Di Roberto,wdirobertorq@usgs.gov,3916283062,BnuAtY8
1000,Amii,Edney,aedneyrr@privacy.gov.au,7383007294,sErzY5ZJ95W
